full_name,company_name,job_title,email,phone
"Samuel Allen","Atlas Computing","VP of Security","samuel.allen@atlascomputi.co","(972) 616-3273"
"Mark Brown","Evergreen IT","Vulnerability Management Engineer","mark.brown@evergreenit.co","+4 195-4582"
"Ashley Carter","Pinnacle Software","Email Security Analyst","ashley@pinnaclesoft.com","+11 975-4814"
"Brandon Clark","Matrix Defense","Network Security Engineer","brandon@matrixdefens.co","(231) 646-6643"
"Patrick Clark","Coral Systems","Product Security Lead","patrick@coralsystems.net","+82 804-4598"
"Kenneth Collins","Nexus Technologies","CTO","kenneth@nexustechnol.io","(980) 365-9837"
"Samantha Cooper","Stratos Computing","Compliance Analyst","samantha@stratoscompu.co","+10 304-8778"
"Sharon Davis","Harbor IT","Director of IT Security","sdavis@harborit.net","+8 620-2312"
"Lisa Edwards","Orion Networks","Incident Response Lead","lisae@orionnetwork.org","(665) 514-5411"
"Victoria Evans","Pylon Solutions","Product Security Lead","victoriae@pylonsolutio.io","(740) 256-2843"
"Raymond Flores","Cobalt Security","Cloud Security Engineer","rflores@cobaltsecuri.com","(875) 686-3705"
"Kyle Garcia","Cobalt Security","Security Program Manager","kyleg@cobaltsecuri.net","+39 892-5684"
"Brenda Gomez","Coral Systems","Red Team Lead","brenda.gomez@coralsystems.co","(740) 901-6787"
"Amanda Howard","Titan Systems","Network Security Engineer","amanda.howard@titansystems.org","(594) 790-4114"
"Christopher Johnson","Sapphire Systems","Systems Administrator","cjohnson@sapphiresyst.io","(578) 491-3584"
"Gerald Johnson","Pinnacle Software","Cloud Architect","geraldj@pinnaclesoft.io","(202) 599-5345"
"Andrew King","Cipher Defense","Security Awareness Manager","andrewk@cipherdefens.org","(457) 252-2512"
"Ethan Lewis","Atlas Computing","IAM Specialist","ethan@atlascomputi.net","+9 891-5573"
"Olivia Lewis","Keystone Digital","Blue Team Lead","olivia@keystonedigi.io","+14 194-7224"
"Nancy Long","Quantum Systems","Security Awareness Manager","nancyl@quantumsyste.co","(741) 457-1188"
"Kush Mangat","TrendAI","SE","kush_mangat@trendmicro.com","6304158790"
"Rebecca Mendoza","Cobalt Security","Third Party Risk Manager","rebeccam@cobaltsecuri.io","(225) 383-6442"
"Charles Mitchell","Atlas Computing","Director of IT Security","charlesm@atlascomputi.io","(960) 733-4998"
"David Nelson","Orion Networks","DevSecOps Engineer","davidn@orionnetwork.co","+32 903-8749"
"Donna Parker","Meridian Data","Data Protection Officer","dparker@meridiandata.co","+12 385-8385"
"Jeffrey Parker","Delta Analytics","Director of IT Security","jeffrey@deltaanalyti.io","+25 657-7488"
"Matthew Parker","Pinnacle Software","Endpoint Security Engineer","mparker@pinnaclesoft.org","(801) 619-2413"
"Michelle Patel","Keystone Digital","SOC Manager","michelle@keystonedigi.co","+75 665-3426"
"Nathan Patel","Crest Analytics","Email Security Analyst","nathan.patel@crestanalyti.com","+33 709-9290"
"Helen Phillips","Coral Systems","SOC Manager","helen.phillips@coralsystems.io","+76 667-4770"
"Zachary Price","Harbor IT","Compliance Analyst","zacharyp@harborit.net","(442) 935-1074"
"Thomas Ramirez","Trident Systems","Data Protection Officer","thomas@tridentsyste.io","+96 698-8019"
"Julie Reyes","Obsidian Tech","Security Consultant","julier@obsidiantech.io","(343) 632-4006"
"Scott Reyes","Slate Digital","SIEM Engineer","sreyes@slatedigital.io","+25 489-3056"
"Janet Richardson","Polaris AI","GRC Manager","janet.richardson@polarisai.net","+80 372-3452"
"Karen Ross","Atlas Computing","VP of Security","kross@atlascomputi.org","+62 993-2196"
"Karen Scott","Iron Gate Tech","CTO","karen.scott@irongatetech.io","(851) 962-1497"
"Patricia Stewart","Marble Data","Chief Privacy Officer","patricia.stewart@marbledata.com","+98 231-7275"
"Lauren Thomas","Peak Solutions","Security Awareness Manager","lauren.thomas@peaksolution.io","+11 572-8330"
"Harold Wright","Sentinel Corp","Data Protection Officer","harold.wright@sentinelcorp.com","+72 142-9311"
"Sara Young","Harbor IT","Red Team Lead","sara@harborit.co","(409) 885-6147"
